<?xml version="1.0" encoding="utf-8"?>
<ApplicationInstallerManifest>
   <DefaultInstallationDirectory>/Applications/PPLB/PoSE/</DefaultInstallationDirectory>
   <ApplicationName>PoSE</ApplicationName>
   <ExecutableName>application/PoSE.exe</ExecutableName>
   <GUID>c819da67-affb-4e45-aeeb-01e04435ef99</GUID>
   <ApplicationIcon>icon_48.png</ApplicationIcon>
   <Logo>default_logo.png</Logo>
   <Version>1.0</Version>
   <InstallationNotes>In the following directions, replace MCR_ROOT by the directory where the MATLAB Runtime is installed on the target machine.

If the environment variable DYLD_LIBRARY_PATH is undefined, set it to the concatenation of the following strings:

    MCR_ROOT/v90/runtime/maci64:
    MCR_ROOT/v90/sys/os/maci64:
    MCR_ROOT/v90/bin/maci64

If it is defined, set it to the concatenation of these strings:

    ${LD_LIBRARY_PATH}: 
    MCR_ROOT/v90/runtime/maci64:
    MCR_ROOT/v90/sys/os/maci64:
    MCR_ROOT/v90/bin/maci64</InstallationNotes>
   <AuthorOrganization>PPLB</AuthorOrganization>
   <Summary>PoSE: Pattern of Sequence Evolution</Summary>
   <WelcomePanelText>PoSE 1.0
PoSE: Pattern of Sequence Evolution

PoSE: Pattern of Sequence Evolution

CDC</WelcomePanelText>
   <MCRProducts>
      <MCRProduct>
         <ExternalProductIdentifier>35000</ExternalProductIdentifier>
      </MCRProduct>
      <MCRProduct>
         <ExternalProductIdentifier>35010</ExternalProductIdentifier>
      </MCRProduct>
   </MCRProducts>
</ApplicationInstallerManifest>